Element,Z,A,n_A,d_n,Q_MeV,Q_err,gn_var,log_t_GN,log_t_full,log_t_exp,sigma,t_exp_s,delta_GN,delta_d,status,source
Fl,114,289,39.670,3.670,9.82,0.10,35.740,6.160,0.140,0.320,1.480,2.1,5.840,0.190,✓,"NUBASE2020 + Dubna 2024"
Fl,114,290,39.710,3.710,9.19,0.15,36.950,8.080,1.980,1.280,1.550,19.0,6.810,0.700,✓,"Dubna 2012 (weak stats)"
Mc,115,290,39.710,3.710,10.41,0.12,35.020,5.020,-1.080,-0.190,1.470,0.65,5.210,0.890,✓,"Dubna/LBNL 2022-2024"
Lv,116,293,39.850,3.850,10.67,0.10,34.900,4.830,-1.500,-1.220,1.470,0.06,6.050,0.280,✓,"NUBASE2020 + Berkeley 2025"
Ts,117,294,39.900,3.900,10.81,0.15,34.980,4.950,-1.450,-1.590,1.500,0.026,6.530,0.130,✓,"Dubna 2024"
Og,118,294,39.900,3.900,11.65,0.20,33.990,3.370,-3.030,-3.150,1.500,0.0007,6.520,0.120,✓,"NUBASE2020"
119,119,298,40.080,4.080,10.50,0.30,36.110,6.750,0.050,,1.690,,,,pred,"FRDM prediction"
120,120,302,40.260,4.260,10.00,0.35,37.310,8.670,1.680,,1.830,,,,pred,"WS4+RBF prediction"
120,120,304,40.340,4.340,9.50,0.40,38.280,10.220,3.080,,2.000,,,,pred,"N=184 shell candidate"
